job_id,job_title,seniority,status,company,location,salary,skills
101,data scientist,seniority_level,hybrid,company_003,"Grapevine, TX . Hybrid","€100,472 - €200,938","spark, r, python, scala, machine learning, tensorflow"
102,data scientist,senior,hybrid,company_005,"Fort Worth, TX . Hybrid","€118,733","spark, r, python, sql, machine learning"
103,data scientist,lead,on-site,company_007,"Austin, TX . Toronto, Ontario, Canada . Kirkland, WA . Orlando, FL . Edmonton, Alberta, Canada + 1 More","€94,987 - €159,559","aws, git, python, docker, sql, machine learning, gcp, kubernetes, deep learning"
104,data scientist,senior,hybrid,company_008,"Chicago, IL . Scottsdale, AZ . Austin, TX . Hybrid","€112,797 - €194,402","sql, r, python"
105,data scientist,senior,on-site,company_009,On-site,"€114,172 - €228,337",
106,data scientist,senior,,company_013,"New York, NY","€196,371 - €251,170","scikit-learn, python, scala, sql, machine learning, tensorflow"
107,data scientist,lead,,company_014,"Berkeley, CA","€51,330 - €70,144",
108,machine learning engineer,junior,on-site,company_015,"Menlo Park, CA","€121,480 - €132,440",machine learning
109,data scientist,senior,remote,company_019,Fully Remote,"€207,331",
110,data scientist,senior,on-site,company_021,On-site,"€219,201",
111,data scientist,senior,,company_022,"Atlanta, GA","€96,815","pytorch, r, python, sql, machine learning, keras, deep learning, tensorflow"
112,data scientist,senior,,company_027,Greater Vancouver Metropolitan Area,"€62,697 - €89,293","java, git, python"
113,data scientist,midlevel,remote,company_029,"Minneapolis, MN . Fully Remote","€99,464 - €165,954","sql, machine learning, python"
114,data scientist,senior,on-site,company_031,"Titusville, NJ . Titusville, New Jersey, United States","€112,343 - €117,823","sql, machine learning, r, python"
115,data scientist,senior,on-site,company_034,"Arlington, VA","€127,867 - €150,700","pandas, powerbi, python, java, sql, machine learning, tableau"
116,data scientist,senior,remote,company_037,Fully Remote,"€134,266",
117,data scientist,senior,,company_038,"Bengaluru, Karnataka, India","€52,746","spark, aws, r, python, machine learning, gcp, deep learning, hadoop, azure"
118,data scientist,lead,on-site,company_039,"Charlotte, NC . On-site","€126,956 - €198,196","aws, r, python, sql, machine learning, azure, tableau"
119,data scientist,lead,remote,company_040,Fully Remote,"€185,412 - €228,338",
120,machine learning engineer,senior,,company_041,"Basel, Basel, Switzerland","€80,123","pytorch, python, machine learning, deep learning, tensorflow"
121,data scientist,junior,on-site,company_043,"Toronto, Ontario, Canada . On-site","€72,611","pytorch, spark, git, r, python, sql, machine learning, tensorflow"
122,data scientist,senior,on-site,company_044,"Findlay, OH . Denver, CO . San Antonio, TX","€95,265 - €164,221","pytorch, scikit-learn, python, machine learning, deep learning, tensorflow"
123,data scientist,senior,on-site,company_045,"Toronto, Ontario, Canada","€85,044","airflow, spark, machine learning, python"
124,data scientist,senior,,company_046,"San Francisco, CA","€146,141 - €210,074",
125,data scientist,senior,,company_047,"Bengaluru, Karnataka, India","€10,049","deep learning, machine learning"
126,data scientist,lead,remote,company_048,"Remote, US . Fully Remote","€91,335 - €109,601",
127,data scientist,lead,,company_049,"Huntsville, AL . Merritt Island, FL . Seattle, WA","€125,171 - €175,240","aws, git, r, python, docker, machine learning, kubernetes, deep learning, azure"
128,data scientist,senior,,company_050,"San Francisco, CA","€150,707","sql, machine learning, r, python"
129,data scientist,senior,on-site,company_051,"Laurel, MD","€210,071",python
130,machine learning engineer,senior,,company_052,"Amsterdam, North Holland, Netherlands","€72,515","sql, machine learning, python"
131,data scientist,senior,on-site,company_054,"Richmond, VA . On-site","€112,288","machine learning, python"
132,data scientist,lead,hybrid,company_057,"Seattle, WA . Hybrid","€132,437","r, python, sql, machine learning, tableau"
133,data scientist,lead,hybrid,company_061,"Manchester, England, United Kingdom . Hybrid","€45,669 - €63,936","spark, python, airflow, sql, machine learning"
134,data scientist,senior,on-site,company_054,"Richmond, VA . On-site","€112,291","machine learning, python"
135,machine learning engineer,senior,,company_064,"Barcelona, Catalonia, Spain","€28,068","git, r, python, linux, bash"
136,data scientist,midlevel,on-site,company_065,"Toronto, Ontario, Canada","€83,298 - €124,946","pandas, numpy, scikit-learn, python, sql, azure, tableau"
137,data scientist,senior,hybrid,company_066,"Foster City, CA . Hybrid","€198,201 - €269,440",
138,data scientist,senior,hybrid,company_067,"San Francisco, CA, US . Seattle, WA, US . Hybrid","€260,211",
139,data scientist,senior,,company_069,United States,"€114,355","pytorch, spark, scikit-learn, python, neural network, machine learning, deep learning, tensorflow"
140,data scientist,lead,on-site,company_071,"Cambridge, MA","€144,311 - €198,198","r, python, sql, machine learning, tableau"
141,data scientist,midlevel,,company_075,"Atlanta, GA","€105,035","sql, machine learning, tableau, python"
142,data scientist,senior,remote,company_077,United States . Fully Remote,"€155,272 - €164,406","sql, machine learning, tableau, python"
143,data scientist,senior,on-site,company_078,"San Diego, CA","€140,661","pytorch, python, docker, sql, neural network, kubernetes, tensorflow"
144,data scientist,senior,hybrid,company_080,"Toronto, Ontario, Canada . Montreal, Quebec, Canada . Hybrid","€73,739","machine learning, r, python"
145,data scientist,senior,hybrid,company_081,"New York, NY . Hybrid","€135,178 - €168,971",
146,data scientist,senior,on-site,company_084,On-site,"€228,515",
147,data scientist,senior,,company_089,"New York, NY","€137,007 - €159,840","aws, git, python, sql, machine learning"
148,machine learning engineer,senior,,company_049,"Seattle, WA","€162,184 - €227,055","pandas, pytorch, aws, python, docker, machine learning, kubernetes, deep learning, azure, tensorflow"
149,data scientist,senior,hybrid,company_092,"McLean, VA . Hybrid","€92,833 - €172,402","java, machine learning, r, python"
150,data scientist,senior,on-site,company_093,"Seattle, Washington, United States . On-site","€210,070 - €228,336",
151,data scientist,lead,,company_094,"Warsaw, Mazowieckie, Poland . Prague, Prague, Czechia . Kyiv, Kyiv City, Ukraine","€67,594 - €86,774","pandas, pytorch, r, python, machine learning, tensorflow"
152,data scientist,senior,on-site,company_095,On-site,"€123,307 - €191,806",
153,data scientist,senior,on-site,company_096,"San Francisco, California, United States . On-site","€219,199 - €273,999",
154,data scientist,senior,,company_098,"Bangalore, Karnataka","€41,302",
155,data scientist,,hybrid,company_099,"Toronto, Ontario, Canada . Hybrid","€75,128 - €79,194","sql, tableau, python"
156,data scientist,senior,on-site,company_100,"Rock Island, IL . On-site","€77,667 - €129,442","scikit-learn, r, python, java, machine learning"
157,data scientist,senior,,company_101,"Cambridge, England, United Kingdom","€31,175",
158,data scientist,midlevel,remote,company_103,"Oregon, United States . Fully Remote","€19,420 - €98,368","pandas, powerbi, r, python, sql, neural network, machine learning, deep learning, tableau"
159,machine learning engineer,midlevel,,company_106,"Pune, Maharashtra, India","€26,757","spark, aws, powerbi, python, docker, sql, machine learning, gcp, kubernetes, deep learning, azure"
160,data scientist,senior,,company_089,"Denver, CO","€137,005 - €159,838","aws, git, python, sql, machine learning"
161,data scientist,senior,on-site,company_112,"San Francisco, California, United States . On-site","€148,808",
162,data scientist,senior,on-site,company_113,"Charlotte, NC","€101,935 - €193,633","sql, deep learning, machine learning"
163,data scientist,lead,hybrid,company_115,"Bengaluru, Karnataka, India . Hybrid","€24,205","pytorch, aws, python, sql, gcp, azure, tensorflow"
164,data scientist,senior,,company_116,"Chennai, Tamil Nadu, India","€13,886","pandas, numpy, pytorch, powerbi, git, scikit-learn, python, java, sql, neural network, gcp, machine learning, matplotlib, tensorflow"
165,data scientist,senior,on-site,company_119,"Menlo Park, CA . On-site","€163,491 - €191,804",
166,data scientist,senior,,company_014,"Berkeley, CA","€82,193 - €122,141","machine learning, database"
167,data scientist,midlevel,remote,company_121,"Remote, United States . Fully Remote","€134,541 - €174,088",
168,data scientist,senior,on-site,company_100,"Rock Island, IL . On-site","€77,671 - €129,446","scikit-learn, r, python, java, machine learning"
169,data scientist,senior,remote,company_067,"San Francisco, CA, US . Remote, US . Fully Remote","€306,623",
170,data scientist,senior,,company_126,United States,"€28,501",
171,data scientist,senior,remote,company_021,Fully Remote,"€255,732",
172,data scientist,senior,remote,company_129,Fully Remote,"€91,335 - €228,333",
173,data scientist,,,company_022,"Pittsburgh, PA","€96,819","python, java, sql, kubernetes, azure"
174,data scientist,senior,on-site,company_134,"Seattle, WA . Seattle, Washington, États-Unis . Seattle, Washington, USA","€219,201","amazon, r, python, machine learning, deep learning"
175,machine learning engineer,senior,on-site,company_135,"Taipei, Taiwan . On-site","€36,340",
176,data scientist,,hybrid,company_137,"Denver, CO . Hybrid","€138,833","spark, r, python, database, machine learning"
177,data scientist,senior,remote,company_141,"Fort Worth, TX","€100,470 - €132,436",machine learning
178,data scientist,senior,hybrid,company_145,"Austin, Texas . Hybrid","€200,936",
179,data scientist,senior,hybrid,company_146,"Toronto, ON . Hybrid","€153,442 - €210,981",
180,data scientist,senior,,company_148,"Orlando, FL","€88,185","spark, r, python, sql, hadoop, machine learning"
181,data scientist,senior,on-site,company_153,United States,"€203,676 - €253,909","pytorch, spark, aws, scikit-learn, python, docker, deep learning, java, sql, machine learning, gcp, kubernetes, hadoop, azure, tensorflow"
182,data scientist,senior,remote,company_155,"All, MO","€146,133 - €182,666","aws, scikit-learn, python, sql, machine learning, tensorflow"
183,machine learning engineer,lead,on-site,company_156,"Mountain View, California (HQ) . On-site","€138,826 - €208,239",
184,data scientist,,on-site,company_158,"Reston, VA","€167,600 - €225,989","aws, git, python, java, kubernetes, machine learning"
185,data scientist,senior,remote,company_159,Fully Remote,"€133,351 - €155,271",
186,data scientist,senior,hybrid,company_164,"Redwood City, US, California . Hybrid","€149,786 - €195,453",
187,data scientist,senior,on-site,company_166,"Veldhoven, North Brabant, Netherlands . On-site","€82,371",r
188,data scientist,senior,remote,company_169,Fully Remote,"€224,774",
189,data scientist,senior,,company_170,"Ridgefield, CT","€127,874 - €202,766","pytorch, git, scikit-learn, python, docker, kubernetes, machine learning, tensorflow"
190,data scientist,senior,,company_171,"Pune, Maharashtra, India","€27,274 - €52,695","pandas, pytorch, r, python, java, database, keras, machine learning, matplotlib, tensorflow"
191,data scientist,senior,on-site,company_173,"San Mateo, CA . On-site","€109,602 - €123,302",
192,data scientist,,on-site,company_176,On-site,"€117,189 - €185,414",
193,data scientist,senior,on-site,company_177,"Omaha, NE . Newport Beach, CA . Massachusetts, United States","€149,445 - €182,654","scikit-learn, python, sql, machine learning, tensorflow"
194,data scientist,senior,on-site,company_178,"Torrance, CA","€63,942","spark, r, python, hadoop, machine learning"
195,data scientist,senior,hybrid,company_179,"Los Angeles, CA . United States . San Francisco, CA . Hybrid","€182,668 - €214,634",amazon
196,data scientist,senior,remote,company_181,"San Francisco, CA","€90,877 - €141,566","tableau, sql, r, python"
197,data scientist,midlevel,hybrid,company_182,"Navi Mumbai, Maharashtra, India . Hybrid","€15,542","pandas, numpy, pytorch, scikit-learn, python, docker, scipy, sql, machine learning, deep learning, matplotlib, tensorflow"
198,data scientist,senior,hybrid,company_183,"Tallinn, Harjumaa, Estonia . Hybrid","€61,772","pandas, numpy, spark, aws, scikit-learn, python, docker, airflow, sql, machine learning, deep learning"
199,data scientist,senior,on-site,company_184,"New York, NY","€137,004",machine learning
200,data scientist,senior,,company_185,"Fairfax, VA","€171,892 - €257,744","pytorch, git, python, machine learning, keras, deep learning, tensorflow"
201,data scientist,senior,hybrid,company_186,"New York, NY . Hybrid","€45,674 - €105,040","database, sql, aws, python"
202,data scientist,senior,,company_192,United States,"€137,007 - €164,407","amazon, spark, python, airflow, machine learning"
203,data scientist,midlevel,on-site,company_193,"Phoenix, AZ","€82,201","powerbi, aws, r, python, sql, machine learning"
204,data scientist,senior,hybrid,company_196,Hybrid,"€158,920 - €237,831",
205,data scientist,,on-site,company_197,"Bengaluru, Karnataka, India . On-site","€27,409",
206,data scientist,,hybrid,company_199,"Austin, TX . Hybrid","€109,605","java, sql, python"
207,data scientist,lead,hybrid,company_203,"Cincinnati, OH . Chicago, IL . Hybrid","€199,795",
208,data scientist,lead,on-site,company_207,"Manassas, VA","€94,077 - €118,737","aws, python, linux, sql, gcp, hadoop"
209,data scientist,senior,,company_209,"Bengaluru, Karnataka, India","€639,348","spark, aws, python, sql, gcp, deep learning, tensorflow, tableau"
210,data analyst,senior,,company_211,"Eindhoven, North Brabant, Netherlands","€69,047",python
211,data scientist,midlevel,,company_212,"Cincinnati, OH","€135,179","azure, aws, machine learning, python"
212,machine learning engineer,senior,on-site,company_215,"San Francisco, CA . Seattle, WA . New York, NY . On-site","€200,939 - €296,838",
213,data scientist,,hybrid,company_221,"Bengaluru, Karnataka, India . Hybrid","€19,096","spark, r, python, java, sql, machine learning"
214,data scientist,lead,,company_223,Raleigh-Durham-Chapel Hill Area,"€99,560","spark, aws, r, python, machine learning, hadoop, deep learning"
215,data scientist,senior,hybrid,company_092,"McLean, VA . Hybrid","€92,838 - €172,407","java, machine learning, r, python"
216,data scientist,senior,remote,company_225,Fully Remote,"€137,001",
217,data scientist,,on-site,company_226,"Rochester, New York Metropolitan Area","€55,196 - €77,273","deep learning, machine learning"
218,data scientist,senior,on-site,company_227,"Denver, CO","€68,685 - €100,834","pytorch, aws, r, python, docker, scikit-learn, sql, machine learning, gcp, deep learning, azure, tensorflow"
219,data scientist,senior,hybrid,company_052,Greater São Paulo Area . Hybrid,"€50,222","sql, r, python"
220,data scientist,senior,on-site,company_230,"Mettawa, IL","€137,003",
221,data scientist,midlevel,on-site,company_231,"South San Francisco, CA . On-site","€124,219","machine learning, r, python"
222,data scientist,senior,remote,company_233,United States,"€95,586 - €172,785","machine learning, r, python"
223,data scientist,senior,on-site,company_235,"San Antonio, TX","€137,008","spark, r, python, sql, machine learning, hadoop, deep learning"
224,data scientist,lead,remote,company_236,United States . Fully Remote,"€137,002 - €155,268","sql, machine learning, tableau, python"
225,data scientist,senior,,company_041,"Mississauga, Ontario, Canada","€74,130","gcp, git, r"
226,data scientist,senior,hybrid,company_241,"Manchester, England, United Kingdom . Hybrid","€95,906 - €105,039","pytorch, aws, scikit-learn, scipy, machine learning, gcp, azure, tensorflow"
227,data scientist,senior,on-site,company_243,"Bowie, MD . On-site","€101,149 - €110,282",
228,data scientist,,on-site,company_244,"Plano, TX . On-site","€86,772 - €196,371","pytorch, machine learning, tensorflow, python"
229,data scientist,senior,,company_246,"Arlington, VA","€173,540","spark, python, docker, java, sql, machine learning, kubernetes, hadoop, deep learning"
230,data scientist,midlevel,,company_250,"New York, NY","€171,458 - €238,990","powerbi, r, python, scikit-learn, sql, machine learning, tensorflow, tableau"
231,data scientist,lead,hybrid,company_252,"San Francisco, CA . Hybrid","€258,704",
232,data scientist,lead,,company_254,"Chicago, IL","€63,935 - €86,768","powerbi, r, python, sql, database, hadoop, tableau"
233,data scientist,senior,on-site,company_255,"Charlotte, NC . On-site","€123,305 - €137,005",
234,data scientist,,on-site,company_256,"San Francisco, CA . On-site","€155,274","sql, machine learning, r, python"
235,data scientist,senior,hybrid,company_257,"Foster City, CA . Hybrid","€120,561 - €192,988","pytorch, spark, r, python, scikit-learn, machine learning, deep learning, tensorflow"
236,machine learning engineer,senior,hybrid,company_007,"Vancouver, British Columbia, Canada . Hybrid","€59,371 - €63,938","pytorch, machine learning, tensorflow, python"
237,data scientist,senior,on-site,company_261,"Alameda, CA","€79,187","spark, r, python, scala, linux, java, hadoop, machine learning"
238,data scientist,senior,,company_183,"Berlin, Berlin, Germany","€98,643","pandas, numpy, spark, aws, scikit-learn, python, airflow, machine learning"
239,data scientist,senior,,company_268,"Singapore, Singapore","€67,044","pytorch, git, python, machine learning, tensorflow"
240,data scientist,senior,,company_269,"Boston, MA . Newark, DE . Tampa, FL . Kennesaw, GA . Plano, TX + 8 More","€150,707 - €224,869","python, java, sql, hadoop, machine learning"
241,data scientist,senior,,company_270,"New York, NY","€131,706 - €263,408","sql, python"
242,data scientist,lead,on-site,company_231,"San Diego, CA . On-site","€115,539 - €181,846","aws, git, r, python, java, machine learning, database, azure, matplotlib"
243,data scientist,midlevel,on-site,company_273,"Redmond, WA","€121,475 - €255,734","sql, machine learning, r, python"
244,data scientist,senior,hybrid,company_276,Hybrid,"€294,100",
245,data scientist,lead,on-site,company_279,"San Francisco, California . On-site","€127,874 - €155,273",
246,machine learning engineer,,,company_106,"Pune, Maharashtra, India","€26,760","spark, aws, powerbi, python, docker, sql, machine learning, gcp, kubernetes, deep learning, azure"
247,data scientist,senior,remote,company_280,"Annapolis Junction, MD . Annapolis, MD . Fully Remote","€109,600 - €182,666","linux, machine learning, python"
248,data scientist,midlevel,remote,company_282,"Rosemont, IL","€68,501 - €109,601","git, r, python, bash, sql, machine learning, deep learning"
249,data scientist,senior,hybrid,company_115,"New York, NY . Hybrid","€137,002","pandas, numpy, scikit-learn, python, sql, hadoop"
250,data scientist,lead,,company_207,"Hyderabad, Telangana, India","€24,621","pytorch, r, python, sql, machine learning, deep learning, tensorflow, tableau"
251,data scientist,senior,,company_047,"Bengaluru, Karnataka, India","€10,055","deep learning, machine learning"
252,data scientist,junior,on-site,company_288,"Chantilly, VA . On-site","€114,171","aws, azure"
253,data scientist,senior,,company_290,"Pune, Maharashtra, India","€29,949 - €41,758","powerbi, aws, python, sql, machine learning, tableau"
254,data scientist,senior,,company_291,"Bengaluru, Karnataka, India","€9,583","aws, r, python, sql, neural network, gcp, azure"
255,data scientist,senior,on-site,company_141,"Orlando, FL","€68,500",machine learning
256,data scientist,senior,remote,company_293,"Bengaluru, Karnataka, India","€36,104","spark, python, sql, machine learning, deep learning, tensorflow"
257,data scientist,senior,hybrid,company_295,"Montreal, Quebec, Canada . Hybrid","€55,906","pandas, numpy, pytorch, aws, scikit-learn, python, sql, machine learning"
258,data scientist,senior,hybrid,company_296,"Lebanon, NH . Hybrid","€81,293 - €108,937","machine learning, python"
259,data scientist,midlevel,on-site,company_166,"Veldhoven, North Brabant, Netherlands . On-site","€82,373",python
260,data scientist,midlevel,remote,company_298,United States,"€88,140 - €136,089","sql, azure, r, python"
261,data scientist,senior,,company_303,"New York, NY","€114,175 - €118,741","aws, git, python, sql, gcp, machine learning"
262,data scientist,senior,on-site,company_034,"Annapolis Junction, MD","€178,100 - €210,980","sql, machine learning, r, python"
263,data scientist,senior,,company_305,"Budapest, Budapest, Hungary","€27,403","machine learning, python"
264,data scientist,senior,remote,company_306,"Fort Meade, MD . Fort Meade, Maryland, Birleşik Devletler . Fully Remote","€127,871 - €178,103","sql, machine learning, r, python"
265,data scientist,midlevel,on-site,company_308,"Mountain View, CA","€171,712 - €277,840","sql, python"
266,data scientist,senior,,company_309,"Bengaluru, Karnataka, India","€19,234","pytorch, aws, git, python, docker, gcp, azure, tensorflow"
267,data scientist,senior,on-site,company_310,Antwerp Metropolitan Area,"€90,697","powerbi, tableau"
268,machine learning engineer,lead,on-site,company_312,"San Francisco, CA . Seattle, WA . New York, NY . On-site","€200,939 - €296,838",
269,data scientist,,on-site,company_315,United States,"€99,744 - €204,046","pytorch, aws, r, python, docker, machine learning, kubernetes, deep learning, tensorflow"
270,data scientist,senior,on-site,company_316,"Dublin, County Dublin, Ireland","€52,987","sql, azure, python"
271,data scientist,senior,,company_251,"Alpharetta, GA","€115,086","spark, aws, r, python, scala, java, sql, machine learning, hadoop, azure, tensorflow, tableau"
272,data scientist,lead,remote,company_318,United States,"€100,467",machine learning
273,machine learning engineer,senior,hybrid,company_008,"San Jose, CA . Hybrid","€125,584 - €216,003","pandas, numpy, pytorch, spark, aws, scikit-learn, python, java, sql, machine learning, tensorflow"
274,data scientist,senior,on-site,company_324,United States . On-site,"€137,003 - €150,703","sql, machine learning, r, python"
275,machine learning engineer,senior,,company_326,,"€44,207",
276,data scientist,senior,remote,company_328,"Riverwoods, IL","€118,733 - €166,226","sql, tableau"
277,data scientist,senior,on-site,company_336,"South San Francisco, CA","€195,911",machine learning
278,data scientist,lead,remote,company_337,"Tallahassee, FL . Arlington, VA . Fully Remote","€131,219 - €223,067","r, python, sql, machine learning, database, deep learning"
279,data scientist,midlevel,remote,company_339,Fully Remote,"€164,405 - €226,054",
280,data scientist,senior,hybrid,company_340,"San Jose, CA . Hybrid","€112,800 - €194,405","sql, machine learning, r, python"
281,data scientist,senior,on-site,company_341,On-site,"€127,868 - €143,851",
282,data scientist,,,company_343,"Edinburgh, Scotland, United Kingdom","€59,677","machine learning, python"
283,data scientist,senior,on-site,company_201,"Milwaukee, WI","€102,300 - €140,660","spark, python, scala, machine learning, database, azure, tableau"
284,data scientist,senior,on-site,company_352,"Pune, Maharashtra, India . On-site","€13,173","amazon, r, python, java, database, hadoop, machine learning"
285,data scientist,midlevel,remote,company_353,Fully Remote,"€164,400",
286,data scientist,senior,on-site,company_355,"Seattle, WA","€125,223 - €216,007","sql, r, python"
287,data scientist,senior,on-site,company_184,"Johns Creek, GA","€137,000",machine learning
288,data scientist,senior,hybrid,company_357,"Basking Ridge, NJ . Irving, TX . Temple Terrace, FL . Boston, MA . Ashburn, VA + 1 More . Hybrid","€92,254","python, sql, machine learning, database, hadoop, deep learning"
289,data scientist,senior,,company_360,"Itanagar, Arunachal Pradesh, India","€12,924","pandas, numpy, pytorch, spark, aws, git, scikit-learn, python, docker, scipy, hadoop, machine learning, database, keras, deep learning, matplotlib, tensorflow"
290,data scientist,senior,remote,company_362,Fully Remote,"€198,198 - €277,565",
291,data scientist,senior,on-site,company_031,"New Brunswick, NJ","€97,046 - €131,295","aws, powerbi, r, python, airflow, machine learning, azure, tableau"
292,data scientist,senior,on-site,company_363,"Bellevue, WA","€109,328 - €203,035","pytorch, scikit-learn, python, scala, java, machine learning, tensorflow"
293,data scientist,senior,on-site,company_235,"Phoenix, AZ","€137,000","spark, r, python, sql, machine learning, hadoop, deep learning"
294,data scientist,lead,,company_365,"McLean, VA","€72,666 - €159,901","database, machine learning, python"
295,data scientist,senior,,company_366,"Columbia, MD","€100,472 - €146,138","pytorch, spark, aws, r, python, scikit-learn, scala, sql, machine learning, gcp, azure, tensorflow"
296,data scientist,lead,on-site,company_367,On-site,"€144,307 - €167,140",
297,data scientist,senior,,company_185,"Utah, United States","€125,495 - €188,149","aws, gcp, azure"
298,machine learning engineer,senior,,company_371,"South San Francisco, CA . South San Francisco, Kalifornia, Stany Zjednoczone","€190,891 - €212,811","pytorch, python, machine learning, deep learning, tensorflow"
299,data scientist,senior,hybrid,company_146,"Kitchener-Waterloo, ON . Toronto, ON . Hybrid","€153,447 - €210,986",
300,machine learning engineer,senior,on-site,company_178,"Torrance, CA","€63,941","java, machine learning, r, python"
301,data scientist,senior,remote,company_112,Fully Remote,"€213,594",
302,machine learning engineer,,,company_326,,"€44,202",
303,data scientist,lead,hybrid,company_382,Greater Chicago Area . Hybrid,"€73,068 - €91,335","aws, python, sql, machine learning, deep learning"
304,data scientist,senior,on-site,company_383,"Barcelona, Spain . On-site","€46,528 - €76,222",
305,data scientist,,on-site,company_071,"Cambridge, MA","€9,140","r, python, sql, hadoop, machine learning"
306,data scientist,senior,on-site,company_384,"Normal, IL . Plymouth, MI . Palo Alto, CA . Irvine, CA . Atlanta, GA","€147,050 - €196,370","sql, r, python"
307,machine learning engineer,senior,hybrid,company_387,"Sunnyvale, CA . Hybrid","€144,491",
308,data scientist,,remote,company_176,Fully Remote,"€146,050 - €230,989",
309,data scientist,senior,on-site,company_389,"Menlo Park, CA","€181,756 - €258,932",python
310,data scientist,senior,remote,company_391,Fully Remote,"€132,438 - €159,838",
311,data scientist,senior,on-site,company_392,"Cincinnati, OH","€157,017 - €263,794","spark, aws, python, sql, machine learning, gcp, azure"
312,data scientist,senior,on-site,company_395,"McLean, VA","€121,479 - €138,650","spark, aws, r, python, scala, sql, database, machine learning"
313,data scientist,midlevel,on-site,company_316,"Dublin, County Dublin, Ireland","€57,318","machine learning, r, python"
314,data scientist,senior,on-site,company_367,On-site,"€216,463 - €242,949",
315,data scientist,senior,hybrid,company_403,"Boston, MA . Hybrid","€130,609 - €140,656",
316,data scientist,,,company_404,United States,"€87,412 - €139,463","aws, r, python, linux, sql, machine learning, deep learning, azure"
317,data scientist,senior,remote,company_337,"Arlington, VA","€89,623 - €152,356","r, python, sql, machine learning, database, deep learning"
318,machine learning engineer,senior,on-site,company_336,"New York, NY","€128,871 - €239,383","deep learning, machine learning, r, python"
319,data scientist,midlevel,on-site,company_410,On-site,"€28,130",
320,data scientist,senior,on-site,company_411,"San Francisco, CA","€130,667 - €241,897","spark, aws, python, airflow, sql, gcp, machine learning"
321,data scientist,midlevel,on-site,company_412,"Atlanta, GA","€67,682 - €101,475","pandas, aws, scikit-learn, python, sql, machine learning, gcp, azure, matplotlib"
322,data scientist,senior,hybrid,company_414,"London, England, United Kingdom . Hybrid","€91,337 - €137,003","sql, aws, r, python"
323,data scientist,senior,hybrid,company_417,"Bengaluru, Karnataka, India . Hybrid","€32,665","pandas, numpy, pytorch, aws, r, python, scikit-learn, scipy, sql, machine learning, deep learning, keras, azure, matplotlib, tensorflow, tableau"
324,data scientist,senior,remote,company_418,"Washington, United States . Idaho, United States . Arizona, United States . Georgia, United States . South Carolina, United States + 1 More . Fully Remote","€88,967 - €166,051","tableau, sql, r, python"
325,data scientist,senior,remote,company_421,Mexico City Metropolitan Area . Fully Remote,"€25,212","sql, machine learning, python"
326,data scientist,midlevel,,company_422,"Englewood, CO","€105,439","sql, r, python"
327,data scientist,senior,hybrid,company_423,"New York, NY . Hybrid","€118,741 - €137,008",
328,data scientist,senior,remote,company_425,"Madrid, Community of Madrid, Spain","€55,995","spark, aws, powerbi, r, python, docker, linux, sql, azure, tableau"
329,data scientist,senior,hybrid,company_426,"Palo Alto, CA . Hybrid","€186,327 - €261,220",
330,data scientist,lead,hybrid,company_428,"Seattle, WA . Hybrid","€210,073 - €251,172","sql, python"
331,data scientist,senior,hybrid,company_433,Hybrid,"€36,542 - €54,809",
332,data scientist,,on-site,company_435,"Toronto, Ontario, Canada","€94,256 - €175,359","machine learning, python"
333,data scientist,senior,,company_069,United States,"€87,407","spark, aws, python, sql, machine learning, gcp, azure"
334,data scientist,senior,on-site,company_438,"New York City, New York, United States . On-site","€154,356",
335,data scientist,,,company_440,"Lexington, MA . Massachusetts, United States","€109,604","aws, scikit-learn, python, sql, machine learning, deep learning, tensorflow"
336,data scientist,senior,,company_449,"New York, United States","€141,571 - €164,405","tableau, sql, r, python"
337,data scientist,lead,on-site,company_450,"Fort George G Meade, Maryland, United States . On-site","€89,511 - €196,370",
338,data scientist,senior,remote,company_421,"São Paulo, São Paulo, Brazil . Fully Remote","€25,214","sql, machine learning, python"
339,data scientist,midlevel,on-site,company_456,"Sacramento, CA","€115,891 - €172,882",
340,data scientist,midlevel,,company_457,"New York, United States . Minneapolis, MN . Chicago, IL","€68,504 - €84,944","git, r, python, docker, sql, machine learning"
341,data scientist,senior,on-site,company_460,"Bellevue, WA","€122,847 - €196,370","aws, git, python, sql, machine learning"
342,data scientist,midlevel,on-site,company_211,"Bengaluru, Karnataka, India . Bengaluru East, Karnataka, India","€27,524","pytorch, python, docker, machine learning, kubernetes, deep learning, tensorflow"
343,data scientist,senior,on-site,company_438,"New York City, New York, United States . On-site","€151,203",
344,data scientist,senior,hybrid,company_461,"Bengaluru, Karnataka, India . Hybrid","€14,064","aws, machine learning, gcp, azure, deep learning"
345,machine learning engineer,lead,on-site,company_465,"Washington, DC . On-site","€120,104 - €200,112","deep learning, aws, machine learning, python"
346,machine learning engineer,senior,on-site,company_025,"Jersey City, NJ","€146,134 - €164,401","aws, gcp, azure"
347,data scientist,midlevel,,company_468,"Los Alamos, NM","€114,354 - €192,992","git, r, python, sql, machine learning, database, deep learning"
348,tester,senior,,company_470,"Austin, TX","€68,505","linux, python"
349,data scientist,midlevel,on-site,company_474,"Irvine, CA","€92,252 - €170,573","amazon, pytorch, aws, python, java, machine learning, deep learning, keras, azure, tensorflow"
350,data scientist,senior,remote,company_475,"Brisbane, CA","€164,408 - €211,900","pandas, numpy, git, r, python, scikit-learn, machine learning, matplotlib"
351,data scientist,senior,on-site,company_477,"Mountain View, California, United States . On-site","€187,241",
352,machine learning engineer,,,company_142,"New York, NY . Boston, MA . Los Angeles, CA","€146,141 - €255,740","pytorch, machine learning"
353,data scientist,senior,hybrid,company_480,"Kansas City, KS . Hybrid","€75,814 - €119,654","pytorch, r, python, machine learning, deep learning, tensorflow"
354,data scientist,midlevel,on-site,company_482,"Boston, MA . United States","€109,600","deep learning, machine learning"
355,data scientist,senior,hybrid,company_340,"San Jose, CA . Hybrid","€112,803 - €194,408","sql, machine learning, r, python"
356,data scientist,senior,on-site,company_484,"San Diego, CA","€81,294 - €109,607","sql, machine learning, tableau"
357,data scientist,junior,remote,company_485,United States . Fully Remote,"€127,869 - €164,402","pytorch, scikit-learn, python, java, machine learning, tensorflow"
358,data scientist,senior,,company_486,"Bengaluru, Karnataka, India","€19,988","pytorch, aws, python, docker, gcp, kubernetes, azure"
359,data scientist,senior,hybrid,company_313,"Toronto, Ontario, Canada . Hybrid","€73,457","machine learning, python"
360,data scientist,senior,,company_488,"Boston, MA . บอสตัน, รัฐแมสซาชูเซตส์, สหรัฐ","€138,543 - €173,111","r, python, sql, machine learning, tableau"
361,data scientist,senior,hybrid,company_490,"Overland Park, KS . Frisco, TX . Bellevue, WA . Hybrid","€78,825 - €142,210","sql, machine learning, r, python"
362,data scientist,junior,,company_268,"Singapore, Singapore","€67,044","spark, git, python, sql, hadoop"
363,data scientist,midlevel,hybrid,company_499,"Lake Mary, FL . Hybrid","€109,606","sql, kubernetes, machine learning, python"
364,data scientist,lead,hybrid,company_500,"Vilniaus, Lithuania . Nzalae/ Nzawa locations, Kitui County, Kenya . Hybrid","€5,940 - €8,223","aws, database, sql, machine learning, gcp, kubernetes, deep learning, azure"
365,data scientist,senior,on-site,company_503,"Brazil, Sao Paulo . On-site","€28,878 - €39,713",
366,data scientist,midlevel,,company_513,"Washington, DC","€146,134 - €182,667","spark, r, python, sql, machine learning"
367,data scientist,senior,remote,company_516,Fully Remote,"€127,874 - €141,573",
368,data scientist,,remote,company_517,Fully Remote,"€255,738",
369,data scientist,lead,,company_521,"San Francisco, CA . Chicago, IL . Seattle, WA . New York, NY","€114,175 - €155,274","pandas, sql, python"
370,data scientist,senior,remote,company_523,"Alpharetta, GA","€82,480 - €137,371","pandas, numpy, aws, scikit-learn, python, scipy, database, matplotlib"
371,data scientist,senior,on-site,company_524,"Orlando, FL","€97,168 - €107,796","amazon, azure, machine learning"
372,data scientist,senior,,company_527,"Plainsboro, NJ","€131,088",deep learning
373,machine learning engineer,senior,hybrid,company_532,"New York, NY . Hybrid","€173,536 - €228,335",
374,data scientist,,remote,company_540,Fully Remote,"€118,741",
375,data scientist,senior,hybrid,company_544,"Tempe, AZ . Hybrid","€100,470 - €137,003","linux, aws, r, python"
376,data scientist,lead,on-site,company_545,"Indianapolis, IN","€138,373 - €202,945",tableau
377,machine learning engineer,senior,hybrid,company_546,"Redwood City, CA . Hybrid","€172,567 - €244,914","pytorch, spark, python, scala, sql, machine learning, deep learning, tensorflow"
378,data scientist,senior,hybrid,company_549,"Santa Clara, CA . Hybrid","€205,499 - €273,999","pandas, numpy, pytorch, spark, aws, python, machine learning, gcp, deep learning, azure, matplotlib, tensorflow"
379,data scientist,senior,on-site,company_551,"Bengaluru, Karnataka, India","€15,667","powerbi, python, sql, machine learning, deep learning, matplotlib, tableau"
380,data scientist,senior,remote,company_019,Fully Remote,"€155,272",
381,data scientist,,on-site,company_555,"Boston, MA","€141,571","sql, machine learning, r, python"
382,data scientist,lead,hybrid,company_558,"Boston, MA . Hybrid","€109,605 - €159,838","r, python, machine learning, keras, deep learning, tensorflow"
383,data scientist,senior,remote,company_155,"Raleigh, NC","€146,135 - €182,668","aws, scikit-learn, python, sql, machine learning, tensorflow"
384,data scientist,lead,remote,company_564,Fully Remote,"€168,061 - €192,721",
385,data scientist,senior,on-site,company_568,"Brooklyn, OH . Cleveland, OH . United States","€115,085 - €126,958","sql, r, python"
386,data scientist,senior,remote,company_572,Fully Remote,"€155,269 - €178,102",
387,data scientist,senior,on-site,company_574,"Chicago, IL","€52,518 - €97,271",
388,data scientist,midlevel,on-site,company_577,"South San Francisco, CA","€147,049 - €185,363","pytorch, aws, r, python, docker, scikit-learn, machine learning, gcp, deep learning, azure, matplotlib, tensorflow"
389,data scientist,senior,on-site,company_579,"Philadelphia, PA","€91,339 - €109,605","sql, machine learning, r, python"
390,data scientist,midlevel,on-site,company_412,"Minneapolis, MN","€112,348 - €168,609","pytorch, aws, python, sql, machine learning, gcp, azure, tensorflow"
391,data scientist,lead,hybrid,company_500,"Bucharest, Bucharest, Romania . Vilnius, Vilniaus, Lithuania . Estonia . Bulgaria . Poland + 11 More . Hybrid","€5,939 - €8,222","aws, database, sql, machine learning, gcp, kubernetes, deep learning, azure"
392,data scientist,senior,remote,company_587,United States . Fully Remote,"€91,336 - €109,602","pandas, numpy, aws, git, scikit-learn, python, sql, gcp, database, machine learning"
393,machine learning engineer,senior,remote,company_589,Fully Remote,"€197,190 - €236,660",
394,data scientist,senior,hybrid,company_590,"San Francisco, California, United States . San Francisco, California, USA . Hybrid","€159,834 - €205,500",
395,data scientist,senior,hybrid,company_591,"Chicago, IL . إلينوي شيكاغو الولايات المتحدة . Hybrid","€95,901 - €123,301","sql, machine learning, scikit-learn, python"
396,data scientist,senior,hybrid,company_145,"Austin, Texas . Hybrid","€200,937",
397,data scientist,senior,on-site,company_596,"San Diego, CA","€129,513 - €215,914","r, python, scala, sql, gcp"
398,data scientist,senior,,company_598,Salt Lake City Metropolitan Area,"€182,667","sql, machine learning, python"
399,data scientist,lead,,company_601,"Pune, Maharashtra, India","€30,455","scikit-learn, python, sql, database, machine learning"
400,data scientist,midlevel,,company_603,"Queenstown, Central Singapore Community Development Council, Singapore","€54,802","tableau, r, python"
401,data scientist,junior,remote,company_472,"Brookfield, WI . Fully Remote","€59,552 - €138,317","aws, r, python, sql, machine learning"
402,data scientist,midlevel,hybrid,company_607,"Yonkers, New York, United States . Hybrid","€120,568 - €134,268",
403,data scientist,senior,hybrid,company_608,"Berlin, Berlin, Germany . Hybrid","€86,270 - €119,421","scala, spark, machine learning, python"
404,data scientist,senior,hybrid,company_609,"Golden Valley, MN . Austin, TX . Hybrid","€119,819 - €178,753","pandas, numpy, pytorch, spark, aws, git, r, python, scikit-learn, sql, machine learning, keras, azure, tensorflow"
405,data scientist,lead,hybrid,company_610,"Chicago, IL . Hybrid","€83,821","git, r, python, sql, machine learning, deep learning"
406,data scientist,senior,remote,company_611,Fully Remote,"€137,006 - €200,939",
407,data scientist,senior,,company_614,Ukraine,"€65,768","amazon, pytorch, python, machine learning, deep learning, tensorflow"
408,data scientist,senior,remote,company_615,Fully Remote,"€173,536 - €200,936",
409,data scientist,lead,on-site,company_383,"Barcelona, Spain . On-site","€46,527 - €76,221",
410,data scientist,,hybrid,company_624,Hybrid,"€39,254 - €58,876",
411,data scientist,,remote,company_625,Fully Remote,"€141,572 - €168,972",
412,data scientist,senior,on-site,company_631,"San Francisco, CA","€130,666 - €241,896","spark, aws, python, airflow, sql, gcp, machine learning"
413,data scientist,midlevel,on-site,company_634,"Rockville, MD","€124,333 - €207,218","machine learning, r, python"
414,data scientist,midlevel,hybrid,company_423,"New York, NY . Hybrid","€109,603 - €118,736",
415,data scientist,senior,on-site,company_057,"Seattle, WA","€120,567","python, sql, machine learning, azure, tableau"
416,data scientist,lead,remote,company_638,United States,"€109,600 - €118,733","spark, aws, git, r, python, powerbi, scala, java, sql, machine learning, gcp, hadoop, azure, matplotlib, tableau"
417,data scientist,senior,on-site,company_640,United States,"€86,958","pytorch, spark, python, machine learning, deep learning, azure, tensorflow"
418,data scientist,lead,remote,company_642,Fully Remote,"€109,606 - €146,139",
419,data scientist,senior,hybrid,company_643,"Minneapolis, MN . Hybrid","€103,871","sql, machine learning, r, python"
420,data scientist,senior,hybrid,company_645,Hybrid,"€137,003 - €173,536",
421,data scientist,,remote,company_647,"India, Bengaluru . Fully Remote","€39,026",
422,machine learning engineer,senior,on-site,company_653,"Colorado Springs, CO","€109,608 - €127,875","pytorch, scikit-learn, machine learning, tensorflow"
423,data scientist,senior,hybrid,company_654,"San Francisco, CA . Hybrid","€146,135 - €196,368",
424,data scientist,senior,,company_254,"Chicago, IL","€63,942 - €86,775","powerbi, r, python, sql, database, hadoop, tableau"
425,data scientist,senior,on-site,company_662,On-site,"€147,968",
426,data scientist,senior,hybrid,company_645,Hybrid,"€137,005 - €173,538",
427,data scientist,,on-site,company_665,"South San Francisco, California, United States . On-site","€159,835 - €182,668",
428,data scientist,,,company_666,"Singapore, Singapore","€80,624",database
429,data scientist,senior,on-site,company_668,"Sacramento, California, United States . Jacksonville, Florida, United States . Austin, Texas, United States . Mexico City, Mexico . Ottawa, Ontario, Canada + 17 More . On-site","€218,288",
430,data scientist,lead,on-site,company_670,"Annapolis Junction, Maryland, United States . On-site","€45,667 - €264,871",
431,data scientist,,remote,company_675,Fully Remote,"€141,574 - €182,674",
432,data scientist,senior,hybrid,company_216,United States . Hybrid,"€130,609 - €209,155","pytorch, aws, scikit-learn, python, sql, machine learning, deep learning, tensorflow"
433,data scientist,senior,,company_678,"Fort Huachuca, AZ . Fort Huachuca, Arizona, United States","€60,287 - €96,820",
434,data scientist,senior,on-site,company_680,"Richmond, VA","€91,334 - €109,600","git, r, python, sql, machine learning"
435,data scientist,senior,,company_678,"Ashburn, VA","€160,753 - €257,566","spark, aws, r, python, scala, java, sql, machine learning, hadoop, azure, tableau"
436,data scientist,senior,,company_685,"New York, NY","€79,654 - €125,307","spark, aws, python, sql, machine learning"
437,data scientist,lead,on-site,company_689,Greater Milwaukee,"€94,111 - €161,332","spark, aws, r, python, scala, sql, machine learning, gcp, deep learning, hadoop, azure, tableau"
438,data scientist,senior,,company_488,"Boston, MA","€149,604 - €182,849","r, python, sql, machine learning, tableau"
439,data scientist,lead,hybrid,company_690,"Maplewood, MN . Hybrid","€146,393 - €178,925","machine learning, r, python"
440,data scientist,senior,,company_694,"San Francisco, CA","€200,936 - €264,868","amazon, machine learning"
441,data scientist,senior,hybrid,company_697,"Austin, TX . Hybrid","€109,606 - €146,139","pandas, numpy, aws, r, python, scikit-learn, airflow, sql, machine learning, gcp, azure, matplotlib, tableau"
442,data scientist,senior,hybrid,company_521,"San Francisco, CA . Hybrid","€164,408 - €182,674","sql, machine learning, python"
443,data scientist,senior,remote,company_702,"Dallas, TX","€43,700","machine learning, r, python"
444,data scientist,junior,,company_704,"Elsbethen, Salzburg, Austria","€29,498","sql, git, r, python"
445,data scientist,lead,on-site,company_705,"San Francisco, CA . On-site","€131,528 - €175,367",
446,data scientist,,hybrid,company_706,"Los Angeles, CA . Hybrid","€104,128 - €192,721",
447,data scientist,lead,hybrid,company_708,Hybrid,"€118,739 - €155,272",
448,data scientist,,hybrid,company_709,"Chicago, Illinois, United States . Hybrid","€156,187",
449,data scientist,senior,remote,company_714,Fully Remote,"€200,936",
450,data scientist,senior,remote,company_718,"Detroit, MI","€90,424","aws, r, python, scikit-learn, sql, machine learning, database, deep learning, tensorflow"
451,data scientist,lead,on-site,company_723,"Miami, FL","€182,667","pandas, spark, r, python, scikit-learn, sql, gcp, machine learning, tensorflow, tableau"
452,data scientist,junior,,company_727,"New York County, NY","€100,473",
453,data scientist,lead,hybrid,company_728,"Los Angeles, CA . Hybrid","€237,468",
454,data scientist,lead,on-site,company_737,United States,"€114,170","pytorch, aws, r, python, sql, machine learning, database, deep learning, tensorflow"
455,data scientist,senior,,company_738,"Boston, MA","€189,518 - €205,501","amazon, spark, git, r, python, linux, java, sql, machine learning, database, azure"
456,data scientist,senior,hybrid,company_742,"New York, NY . Hybrid","€68,501 - €73,068","amazon, r, python, sql, machine learning"
457,data scientist,senior,on-site,company_744,"Lake Oswego, OR . Portland, OR . Hillsboro, OR","€81,237 - €150,867","aws, r, python, sql, machine learning, azure"
458,data scientist,senior,on-site,company_745,San Francisco Bay Area . On-site,"€78,551 - €139,744","pandas, numpy, pytorch, aws, scikit-learn, python, tensorflow"
459,data scientist,midlevel,on-site,company_746,United States,"€95,906 - €114,173","sql, machine learning, r, python"
460,data scientist,senior,,company_754,"Alameda, CA","€38,730 - €61,967",
461,data scientist,,remote,company_757,United States . Fully Remote,"€150,707 - €200,940","sql, python"
462,data scientist,senior,on-site,company_759,United States,"€164,406","pandas, pytorch, aws, r, python, linux, java, machine learning, gcp, deep learning, azure, tensorflow"
463,data scientist,senior,,company_762,"Grand Rapids, MI","€115,541","pandas, numpy, pytorch, r, python, sql, machine learning, azure, tensorflow"
464,data scientist,senior,,company_763,"Ahmedabad, Gujarat, India . Bengaluru, Karnataka, India","€18,675","pytorch, deep learning, machine learning, python"
465,data scientist,senior,on-site,company_555,"New York, NY","€141,570","kubernetes, machine learning, python"
466,machine learning engineer,senior,hybrid,company_770,Hybrid,"€109,607 - €137,007",
467,data scientist,,hybrid,company_145,"New York, New York . Hybrid","€120,566 - €231,992",
468,data scientist,senior,on-site,company_774,"Fredericksburg, VA . Richmond, VA . San Francisco, CA . Seattle, WA","€100,469 - €210,068","powerbi, r, python, java, sql, machine learning, tableau"
469,data scientist,senior,,company_780,"Los Angeles, CA","€95,356 - €163,460","pandas, git, r, python, keras, machine learning"
470,data scientist,senior,,company_781,"Charlotte, NC . Charlotte, North Carolina, United States","€95,902","machine learning, r, python"
471,data scientist,senior,hybrid,company_782,"Munich, Germany . Hybrid","€62,797 - €72,216",
472,data scientist,senior,hybrid,company_785,United States . Hybrid,"€112,343 - €225,595","pytorch, spark, scikit-learn, python, sql, machine learning, tensorflow"
473,data scientist,senior,hybrid,company_786,"Seattle, WA . Hybrid","€147,962 - €271,261","aws, python, scala, java, gcp, machine learning"
474,data scientist,senior,on-site,company_793,"Pittsburgh, PA","€74,793",machine learning
475,data scientist,senior,on-site,company_795,"Calgary, Alberta, Canada . Canada, Moyen-Chari, Chad . Greater Calgary Metropolitan Area","€52,067","scikit-learn, python"
476,data scientist,senior,on-site,company_796,"Augusta, GA","€39,797 - €87,544","machine learning, python"
477,data scientist,senior,on-site,company_797,"Toronto, Ontario, Canada","€59,210","git, python, airflow, sql, machine learning, hadoop, azure"
478,data scientist,senior,,company_800,"New York, United States","€77,313 - €96,639","spark, aws, git, python, docker, airflow, sql, machine learning, tableau"
479,data scientist,senior,,company_804,"Houston, TX . Houston, Texas, Statele Unite Ale Americii . Houston, Texas, USA","€118,733","deep learning, machine learning, python"
480,data scientist,senior,hybrid,company_807,"Chicago, IL . Hybrid","€76,471 - €101,121","r, python, java, sql, machine learning, database, deep learning, tableau"
481,data scientist,senior,on-site,company_226,"Henrietta, NY","€64,121 - €96,177",machine learning
482,data scientist,senior,on-site,company_796,"Denver, CO","€55,940 - €123,063","machine learning, python"
483,data scientist,midlevel,hybrid,company_662,Hybrid,"€195,456",
484,data scientist,senior,on-site,company_445,On-site,"€94,264 - €172,810",
485,data scientist,,hybrid,company_814,"Chicago, IL . Hybrid","€182,673 - €274,006",
486,data scientist,lead,on-site,company_816,"San Francisco, CA","€144,893 - €161,660","aws, python, machine learning, azure, deep learning, tableau"
487,data scientist,senior,hybrid,company_817,United States . Hybrid,"€137,003 - €148,876","pandas, aws, r, python, scikit-learn, sql, machine learning, gcp, azure"
488,data scientist,senior,,company_819,"San Diego, CA","€86,771 - €114,171","pandas, numpy, pytorch, aws, r, python, scikit-learn, sql, machine learning, gcp, deep learning, azure, tensorflow, tableau"
489,data scientist,junior,hybrid,company_706,"Los Angeles, CA . Hybrid","€121,476 - €225,595",
490,data scientist,senior,,company_738,"Chicago, IL","€189,520 - €205,503","amazon, spark, git, r, python, linux, java, sql, machine learning, database, azure"
491,data scientist,senior,remote,company_825,"Remote - US . San Diego, California, United States . Fully Remote","€144,750 - €229,724",
492,data scientist,senior,remote,company_832,"Torrance, CA","€159,835","r, python, scala, sql, machine learning, database, azure, tableau"
493,data scientist,senior,,company_047,"Visakhapatnam Rural mandal, India","€10,053","deep learning, machine learning"
494,data scientist,lead,hybrid,company_833,"Canada . Vancouver, BC, Canada . Hybrid","€118,741 - €155,273",
495,machine learning engineer,senior,on-site,company_065,"Toronto, Ontario, Canada","€137,008 - €173,541","pytorch, spark, aws, database, sql, machine learning, deep learning, azure, tensorflow"
496,machine learning engineer,senior,hybrid,company_836,"Dublin, Ireland . Hybrid","€98,012",
497,data scientist,senior,on-site,company_316,"Bengaluru, Karnataka, India","€29,797 - €32,901","spark, aws, python, sql, machine learning, deep learning, azure"
498,data scientist,senior,hybrid,company_662,"Redwood City, CA (Hybrid) . Hybrid","€220,119",
499,data scientist,senior,,company_837,"Waltham, MA","€126,957 - €149,790","git, r, python, sql, azure"
500,machine learning engineer,senior,hybrid,company_690,"Pittsburgh, PA . Hybrid","€108,761 - €132,929","pytorch, aws, python, machine learning, deep learning"
501,data scientist,senior,on-site,company_184,"New York, NY","€137,000","sql, machine learning, r, python"
502,data scientist,lead,on-site,company_015,"Los Angeles County, CA","€121,475 - €132,435","pandas, numpy, pytorch, aws, scikit-learn, python, scipy, sql, machine learning, gcp, azure, tensorflow"
503,data scientist,senior,on-site,company_134,"Arlington, VA . Bellevue, WA","€155,268 - €177,188","amazon, aws, r, python, sql, machine learning, tableau"
504,data scientist,senior,on-site,company_763,"Princeton, NJ . New York, NY","€118,737 - €168,970","pytorch, python, machine learning, keras, deep learning, tensorflow"
505,data scientist,senior,on-site,company_269,"Chennai, Tamil Nadu, India . Hyderabad, Telangana, India","€20,926","hadoop, git, gcp, python"
506,data scientist,midlevel,remote,company_832,"Washington, United States","€159,834","r, python, scala, sql, machine learning, database, azure, tableau"
507,data scientist,senior,remote,company_141,"Fort Worth, TX","€100,474 - €132,440",machine learning
508,data scientist,senior,,company_250,"New York, NY . Chicago, IL","€66,119 - €99,994","amazon, aws"
509,data scientist,senior,hybrid,company_840,"East Coast, United States . New York, United States . Hybrid","€124,220 - €168,060",
510,data scientist,senior,,company_844,"Mountain View, CA","€168,973","r, python, sql, machine learning, tableau"
511,data scientist,senior,remote,company_845,Fully Remote,"€115,085 - €152,531",
512,data scientist,,hybrid,company_846,"Greater Birmingham, Alabama Area . Hybrid","€118,740 - €155,273",
513,data scientist,lead,hybrid,company_313,"Markham, Ontario, Canada . Toronto, Ontario, Canada . Hybrid","€73,454","machine learning, python"
514,data scientist,senior,,company_233,"Springfield, VA","€81,926 - €148,097","git, r, python, docker, linux, java, sql, database, deep learning"
515,data scientist,midlevel,remote,company_572,Fully Remote,"€155,266 - €178,099",
516,data scientist,senior,on-site,company_355,"Bellevue, WA . San Francisco, CA . Seattle, WA . Palo Alto, CA","€125,226 - €216,010","sql, r, python"
517,data scientist,senior,hybrid,company_848,"Cambridge, MA . Hybrid","€79,461",python
518,data scientist,senior,on-site,company_231,"South San Francisco, CA . On-site","€157,737 - €248,339","machine learning, r, python"
519,data scientist,midlevel,hybrid,company_182,"Navi Mumbai, Maharashtra, India . Hybrid","€15,539","python, neural network, sql, machine learning, deep learning"
520,data scientist,senior,on-site,company_288,"Washington, DC . On-site","€146,141 - €182,673",python
521,data scientist,midlevel,hybrid,company_793,"Pittsburgh, PA . Hybrid","€44,521 - €59,359","database, sql, r, python"
522,data scientist,midlevel,on-site,company_445,On-site,"€151,799 - €278,294",
523,data scientist,senior,hybrid,company_851,"Bangalore, Karnataka, India . Hybrid","€34,569",
524,data scientist,,,company_166,"Veldhoven, North Brabant, Netherlands","€82,367",
525,data scientist,senior,,company_852,"San Antonio, TX","€130,610","spark, r, python, docker, scala, java, sql, machine learning, kubernetes, deep learning, tensorflow"
526,data scientist,senior,on-site,company_420,"Bangkok, Bangkok, Thailand . On-site","€54,267",
527,data scientist,lead,,company_308,"Hyderabad, Telangana, India","€48,604","pytorch, spark, r, python, scikit-learn, scala, machine learning, deep learning, hadoop, azure, tensorflow"
528,data scientist,senior,remote,company_037,"Remote, United States . Fully Remote","€167,139",
529,data scientist,senior,hybrid,company_851,"Bangalore, Karnataka, India . Hybrid","€34,568",
530,data scientist,lead,,company_694,"San Francisco, CA","€200,936 - €264,868","amazon, machine learning"
531,data scientist,senior,remote,company_859,"Cardiff, London or Remote (UK) . Fully Remote","€86,767 - €105,033",
532,data scientist,lead,,company_116,"Louisville, KY","€107,773","pandas, numpy, pytorch, git, r, python, scikit-learn, sql, gcp, machine learning, tensorflow, tableau"
533,data scientist,senior,,company_861,"Oklahoma City, OK","€114,172",machine learning
534,data scientist,senior,on-site,company_864,"St Louis, MO","€101,079 - €157,680","pandas, amazon, powerbi, git, r, python, scipy, sql, machine learning, database, azure, matplotlib, tableau"
535,data scientist,senior,on-site,company_705,"San Francisco, CA . On-site","€155,269 - €189,976",
536,data scientist,senior,hybrid,company_667,"Mountain View, CA, US . San Francisco, CA, US . Hybrid","€226,506",
537,data scientist,senior,hybrid,company_083,"Madrid, Community of Madrid, Spain . Hybrid","€32,158","pandas, numpy, aws, r, python, scikit-learn, machine learning, gcp, deep learning, azure, matplotlib"
538,data scientist,senior,hybrid,company_870,"Chicago, Illinois, United States . New York, New York, United States . Hybrid","€159,841 - €205,507",
539,data scientist,senior,on-site,company_235,"San Antonio, TX","€150,499 - €287,662","r, python, sql, database, machine learning"
540,data scientist,lead,on-site,company_871,"San Francisco, CA","€164,407 - €191,806","pytorch, aws, machine learning, azure, deep learning, tensorflow"
541,data scientist,lead,on-site,company_185,"Linthicum Heights, MD . On-site","€158,745 - €197,653","pandas, numpy, python, sql, database, matplotlib, tableau"
542,data scientist,senior,,company_152,"Atlanta, GA","€125,135","sql, machine learning, r, python"
543,data scientist,junior,on-site,company_873,"Santa Clara, CA . On-site","€146,140 - €219,206",
544,data scientist,senior,,company_781,"Stamford, CT","€95,906","spark, r, python, sql, machine learning"
545,data scientist,midlevel,on-site,company_422,"Englewood, CO . On-site","€75,957 - €108,508","amazon, r, python, sql, database, machine learning, tableau"
546,data scientist,senior,,company_875,"Princeton, NJ","€150,270 - €224,665","sql, r, python"
547,data scientist,midlevel,on-site,company_878,"San Francisco, CA . San Jose, CA . Seattle, WA","€99,560 - €175,732","spark, python, sql, hadoop, machine learning"
548,data scientist,midlevel,,company_879,"Madrid, Community of Madrid, Spain","€41,559","pandas, numpy, pytorch, aws, scikit-learn, python, docker, sql, machine learning, kubernetes, azure, tensorflow"
549,data scientist,senior,on-site,company_880,United States,"€94,812 - €142,214","aws, scikit-learn, python, sql, machine learning, gcp, azure"
550,data scientist,senior,hybrid,company_403,"Boston, MA . Hybrid","€110,516 - €120,563",
551,data scientist,,,company_603,"Queenstown, Central Singapore Community Development Council, Singapore","€54,804","neural network, machine learning, r, python"
552,machine learning engineer,senior,on-site,company_883,"Newport Beach, CA . Ньюпорт-Бич, Калифорния, Соединенные Штаты Америки","€114,167 - €127,867","pytorch, machine learning, database, deep learning, tensorflow"
553,data scientist,senior,remote,company_236,Canada . Fully Remote,"€200,938 - €246,604","sql, machine learning"
554,data scientist,lead,hybrid,company_032,"San Diego, CA . Hybrid","€149,700 - €224,593","pandas, numpy, scikit-learn, python, sql, machine learning, deep learning"
555,data scientist,senior,hybrid,company_061,"Manchester, England, United Kingdom . Hybrid","€36,538 - €54,805","airflow, spark, machine learning, python"
556,data scientist,midlevel,,company_366,"Columbia, MD","€73,072","spark, aws, python, sql, machine learning, gcp, azure"
557,data scientist,senior,,company_291,"Bengaluru East, Karnataka, India","€9,585","aws, r, python, sql, neural network, gcp, azure"
558,data scientist,senior,hybrid,company_309,"New York, United States . Hybrid","€137,008 - €150,708","pandas, pytorch, aws, r, python, sql, machine learning, deep learning"
559,data scientist,senior,hybrid,company_885,"Bethesda, MD . Hybrid","€130,245 - €203,539","sql, r, python"
560,machine learning engineer,senior,,company_889,"Brooklyn, NY","€187,238 - €216,464","spark, python, scala, java, airflow, gcp, machine learning, tensorflow"
561,machine learning engineer,senior,on-site,company_312,"San Francisco, CA . Seattle, WA . New York, NY . On-site","€200,936 - €296,835",
562,data scientist,,on-site,company_744,"Hillsboro, OR . Portland, OR . Lake Oswego, OR","€81,245 - €150,875","aws, r, python, sql, machine learning, azure"
563,data scientist,senior,,company_894,"Fort Worth, TX","€100,473",machine learning
564,data scientist,senior,,company_895,"Annapolis Junction, MD","€110,337 - €198,564","sql, machine learning, r, python"
565,data scientist,senior,,company_896,"Dallas, TX","€75,815","sql, machine learning, python"
566,machine learning engineer,senior,,company_371,"South San Francisco, CA","€155,270 - €212,810","pytorch, deep learning, machine learning, python"
567,data scientist,senior,hybrid,company_115,"Bengaluru, Karnataka, India . Hybrid","€24,203","pytorch, aws, python, sql, gcp, azure, tensorflow"
568,data scientist,senior,on-site,company_251,"Alpharetta, GA","€58,368 - €156,350","aws, powerbi, r, python, sql, machine learning, tableau"
569,data scientist,senior,on-site,company_096,"New York, New York, United States . On-site","€138,834 - €173,541",
570,data scientist,,hybrid,company_146,"Toronto, ON . Hybrid","€179,015 - €246,144",
571,data scientist,senior,hybrid,company_081,"Toronto, Canada . Hybrid","€98,647",
572,data scientist,,,company_293,"Bengaluru, Karnataka, India","€36,101","deep learning, machine learning, python"
573,data scientist,senior,on-site,company_007,"Vancouver, British Columbia, Canada . Marina del Rey, CA . Los Angeles Metropolitan Area . Kirkland, WA . Redwood City, CA","€121,844 - €176,460","git, python, docker, sql, machine learning, kubernetes, deep learning"
574,machine learning engineer,senior,on-site,company_135,"Taipei, Taiwan . On-site","€36,342",
575,data scientist,senior,hybrid,company_905,United States . Hybrid,"€105,680 - €176,131","python, neural network, sql, database, machine learning, tableau"
576,data scientist,lead,on-site,company_392,United States,"€157,013 - €263,790","spark, aws, python, sql, machine learning, gcp, azure"
577,data scientist,senior,,company_047,"Gurugram, Haryana, India","€10,048","aws, machine learning"
578,data scientist,senior,on-site,company_909,"New York, NY","€129,722 - €230,343","spark, r, python, java, sql, machine learning"
579,data scientist,lead,remote,company_022,"Atlanta, GA","€96,818","pytorch, spark, aws, python, machine learning, gcp, deep learning, keras, azure, tensorflow"
580,data scientist,lead,,company_912,"Bengaluru East, Karnataka, India","€35,019","pandas, numpy, pytorch, spark, git, python, docker, database, deep learning, sql, machine learning, gcp, kubernetes, keras, azure, matplotlib, tensorflow"
581,data scientist,senior,on-site,company_367,On-site,"€192,721 - €216,467",
582,data scientist,senior,on-site,company_395,"McLean, VA","€144,860 - €165,319","spark, aws, r, python, scala, sql, machine learning, database, deep learning"
583,data scientist,midlevel,on-site,company_914,Los Angeles Metropolitan Area . On-site,"€100,470 - €114,170","machine learning, python"
584,data scientist,midlevel,remote,company_695,"Maryland, United States","€85,856 - €167,004","pytorch, aws, r, python, machine learning, gcp, azure, tensorflow"
585,data scientist,senior,on-site,company_916,United States,"€138,102 - €172,625","sql, machine learning, r, python"
586,data scientist,lead,,company_917,"Bengaluru, Karnataka, India","€42,493","pandas, r, python, sql, database"
587,data scientist,senior,,company_171,"Hyderabad, Telangana, India","€27,276 - €52,697","database, machine learning, java"
588,data scientist,senior,on-site,company_310,"Doral, FL","€104,676 - €230,258","r, python, linux, java, sql, machine learning, database, deep learning"
589,data scientist,senior,hybrid,company_080,"Vancouver, British Columbia, Canada . Hybrid","€109,786 - €164,585","pytorch, aws, scikit-learn, python, machine learning"
590,data scientist,midlevel,remote,company_746,United States,"€114,973 - €141,567","sql, machine learning, python"
591,data scientist,senior,hybrid,company_922,"Columbus, OH . Hybrid","€100,036 - €150,050",machine learning
592,data scientist,senior,remote,company_416,Washington DC-Baltimore Area . Fully Remote,"€164,407 - €182,673","aws, python, machine learning, gcp, kubernetes, azure"
593,data scientist,senior,on-site,company_415,"United States, Denver . On-site","€172,624",
594,data scientist,senior,on-site,company_893,"Lexington, MA","€117,553 - €159,840","aws, git, r, python, docker"
595,data scientist,senior,on-site,company_096,"New York, New York, United States . On-site","€138,826 - €173,533",
596,data scientist,,remote,company_421,"Charlotte, AR . Fully Remote","€25,211","sql, machine learning, python"
597,data scientist,midlevel,hybrid,company_081,"Toronto, Canada . Hybrid","€98,642 - €123,302",
598,data scientist,,,company_924,"Gainesville, FL","€55,715 - €58,455","pandas, numpy, pytorch, r, python, scikit-learn, scipy, machine learning, keras, deep learning, tensorflow"
599,data scientist,senior,hybrid,company_925,San Francisco Bay Area . Hybrid,"€164,401 - €214,633","pandas, spark, aws, r, python, scikit-learn, opencv, sql, machine learning, gcp, deep learning"
600,data scientist,senior,,company_928,"Barcelona, Catalonia, Spain","€53,099","deep learning, aws, machine learning, python"
601,data scientist,senior,on-site,company_930,"San Diego, CA","€167,749 - €215,676","pytorch, python, java, sql, machine learning, deep learning, tensorflow"
602,data scientist,senior,on-site,company_932,"Palo Alto, CA . Vancouver, WA . Spring, TX","€140,657 - €216,600","sql, powerbi, machine learning, python"
603,data scientist,senior,,company_937,"Atlanta, GA","€111,435","sql, tableau, python"
604,data scientist,senior,hybrid,company_008,"San Jose, CA . Hybrid","€139,285 - €239,614","sql, machine learning, python"
605,machine learning engineer,senior,remote,company_690,"Maplewood, MN","€125,529 - €153,424","machine learning, python"
606,data scientist,senior,remote,company_169,Fully Remote,"€184,866 - €207,973",
607,machine learning engineer,senior,,company_941,"Bengaluru, Karnataka, India","€10,527 - €26,188",machine learning
608,data scientist,junior,remote,company_611,"Denver, CO - Remote . Fully Remote","€137,006 - €200,939",
609,data scientist,junior,hybrid,company_214,"Washington, DC . Hybrid",,
